Voltage (V),Current (mA)
0.05,1.54e-08
0.1,5.15e-08
0.17,1.41e-07
0.24,4.72e-07
0.26,1.29e-06
0.34,4.31e-06
0.36,1.44e-05
0.44,3.95e-05
0.54,0.000132
0.58,0.000361
0.66,0.00121
0.7,0.0033
0.7,0.011
0.76,0.0369
0.82,0.101
0.91,0.338
0.91,0.924
1.02,3.09
1.02,3.09
1.05,5.65
1.05,8.46
1.08,15.5
1.1,23.1
1.12,42.3
1.15,63.3
1.18,116
1.23,173
